Workbook

Sheet Assumptions
A1: Key Assumptions
A3: Report / As-of Year | B3: 2026 | C3: <- Used to compute Age = Report Year - Manufacture Year. Source: user-provided current date (Jul 2026).
A4: Two-digit year window rule | B4: Year >= 90 -> 1900+Year, else 2000+Year | C4: Inferred: dataset only contains 2-digit years 0-14 and 96-99, so this rule is unambiguous. Validated against existing Age column (0 mismatches).
A6: Data Cleaning Log
A8: - Removed 12 trailing rows with no Car ID
A9: These were leftover scratch/lookup rows (partial, scrambled Make/Model code mappings), not inventory records. Excluded from all totals.
A11: - Make 'TY' Full Name corrected HYUNDAI -> TOYOTA
A12: TY's models are CAMRY and COROLLA, which are Toyota vehicles, not Hyundai. Original label was a data-entry error.
A14: - Model spelling corrected
A15: CAMERO -> CAMARO, COROLA -> COROLLA, CAMERY -> CAMRY.
A17: - Model code 'OOD' corrected to 'ODY'
A18: One Honda Odyssey record (orig. Car ID HO01OODY040) had an extra letter; corrected to match the other 4 Odyssey records and rebuilt its Car ID / New Car ID.
A20: - Manufacture Year converted from 2-digit to 4-digit
A21: Formula-driven (see B3/B4) rather than hardcoded, so it recalculates if the window rule changes.
A23: - Age and Miles/Year converted to live formulas
... A33: Chrysler has never produced a Camry (a Toyota nameplate). Original source data likely mislabeled; not enough information to confidently correct, so these 4 records are kept as-is but flagged. Treat 'Model (Full Name)' for these rows with caution.

Sheet Dashboard
A1: Fleet Inventory Dashboard
A2: As of Report Year (Assumptions!B3) — 52 active vehicles
A4: Total Vehicles | B4: Total Fleet Miles | C4: Avg Vehicle Age (Yrs) | D4: Avg Miles / Year | E4: # Expired Warranty | F4: % Expired Warranty
A5: ='Pivot - By Make'!B8 -> 52 | B5: ='Pivot - By Make'!C8 -> 2335987.3 | C5: ='Pivot - By Make'!E8 -> 18.673077 | D5: ='Pivot - By Make'!F8 -> 2678.5621 | E5: ='Pivot - By Make'!H8 -> 10 | F5: ='Pivot - By Make'!I8 -> 0.19230769

Sheet Cleaned Data
A1: Car ID | B1: Make | C1: Make (Full Name) | D1: Model | E1: Model (Full Name) | F1: Manufacture Year (2-digit) | G1: Manufacture Year | H1: Age (Years) | I1: Miles | J1: Miles / Year | K1: Color | L1: Driver | M1: Warranty Miles | N1: Warranty Status | O1: New Car ID
A2: FD06MTG001 | B2: FD | C2: FORD | D2: MTG | E2: MUSTANG | F2: 6 | G2: =IF(F2>=90,1900+F2,2000+F2) -> 2006 | H2: =Assumptions!$B$3-G2 -> 20 | I2: 114660.6 | J2: =I2/H2 -> 5733.03 | K2: Black | L2: Smith | M2: 50000 | N2: =IF(I2<=M2,"COVERED","EXPIRED") -> EXPIRED | O2: =B2&TEXT(F2,"00")&UPPER(LEFT(K2,3))&D2&RIGHT(A2,3) -> FD06BLAMTG001
A3: FD06MTG002 | B3: FD | C3: FORD | D3: MTG | E3: MUSTANG | F3: 6 | G3: =IF(F3>=90,1900+F3,2000+F3) -> 2006 | H3: =Assumptions!$B$3-G3 -> 20 | I3: 73444.4 | J3: =I3/H3 -> 3672.22 | K3: White | L3: McCall | M3: 50000 | N3: =IF(I3<=M3,"COVERED","EXPIRED") -> EXPIRED | O3: =B3&TEXT(F3,"00")&UPPER(LEFT(K3,3))&D3&RIGHT(A3,3) -> FD06WHIMTG002
A4: FD08MTG003 | B4: FD | C4: FORD | D4: MTG | E4: MUSTANG | F4: 8 | G4: =IF(F4>=90,1900+F4,2000+F4) -> 2008 | H4: =Assumptions!$B$3-G4 -> 18 | I4: 72527.2 | J4: =I4/H4 -> 4029.2889 | K4: Green | L4: Lyon | M4: 50000 | N4: =IF(I4<=M4,"COVERED","EXPIRED") -> EXPIRED | O4: =B4&TEXT(F4,"00")&UPPER(LEFT(K4,3))&D4&RIGHT(A4,3) -> FD08GREMTG003
A5: FD08MTG004 | B5: FD | C5: FORD | D5: MTG | E5: MUSTANG | F5: 8 | G5: =IF(F5>=90,1900+F5,2000+F5) -> 2008 | H5: =Assumptions!$B$3-G5 -> 18 | I5: 68658.9 | J5: =I5/H5 -> 3814.3833 | K5: Black | L5: Jones | M5: 50000 | N5: =IF(I5<=M5,"COVERED","EXPIRED") -> EXPIRED | O5: =B5&TEXT(F5,"00")&UPPER(LEFT(K5,3))&D5&RIGHT(A5,3) -> FD08BLAMTG004
A6: FD08MTG005 | B6: FD | C6: FORD | D6: MTG | E6: MUSTANG | F6: 8 | G6: =IF(F6>=90,1900+F6,2000+F6) -> 2008 | H6: =Assumptions!$B$3-G6 -> 18 | I6: 67829.1 | J6: =I6/H6 -> 3768.2833 | K6: White | L6: Smith | M6: 50000 | N6: =IF(I6<=M6,"COVERED","EXPIRED") -> EXPIRED | O6: =B6&TEXT(F6,"00")&UPPER(LEFT(K6,3))&D6&RIGHT(A6,3) -> FD08WHIMTG005
A7: FD06FCS006 | B7: FD | C7: FORD | D7: FCS | E7: FOCUS | F7: 6 | G7: =IF(F7>=90,1900+F7,2000+F7) -> 2006 | H7: =Assumptions!$B$3-G7 -> 20 | I7: 60389.5 | J7: =I7/H7 -> 3019.475 | K7: Green | L7: Ewenty | M7: 75000 | N7: =IF(I7<=M7,"COVERED","EXPIRED") -> COVERED | O7: =B7&TEXT(F7,"00")&UPPER(LEFT(K7,3))&D7&RIGHT(A7,3) -> FD06GREFCS006
A8: FD06FCS007 | B8: FD | C8: FORD | D8: FCS | E8: FOCUS | F8: 6 | G8: =IF(F8>=90,1900+F8,2000+F8) -> 2006 | H8: =Assumptions!$B$3-G8 -> 20 | I8: 69891.9 | J8: =I8/H8 -> 3494.595 | K8: Green | L8: Lyon | M8: 75000 | N8: =IF(I8<=M8,"COVERED","EXPIRED") -> COVERED | O8: =B8&TEXT(F8,"00")&UPPER(LEFT(K8,3))&D8&RIGHT(A8,3) -> FD06GREFCS007
A9: FD09FCS008 | B9: FD | C9: FORD | D9: FCS | E9: FOCUS | F9: 9 | G9: =IF(F9>=90,1900+F9,2000+F9) -> 2009 | H9: =Assumptions!$B$3-G9 -> 17 | I9: 85928 | J9: =I9/H9 -> 5054.5882 | K9: Black | L9: Howard | M9: 75000 | N9: =IF(I9<=M9,"COVERED","EXPIRED") -> EXPIRED | O9: =B9&TEXT(F9,"00")&UPPER(LEFT(K9,3))&D9&RIGHT(A9,3) -> FD09BLAFCS008
A10: FD13FCS009 | B10: FD | C10: FORD | D10: FCS | E10: FOCUS | F10: 13 | G10: =IF(F10>=90,1900+F10,2000+F10) -> 2013 | H10: =Assumptions!$B$3-G10 -> 13 | I10: 93382.6 | J10: =I10/H10 -> 7183.2769 | K10: Black | L10: Smith | M10: 75000 | N10: =IF(I10<=M10,"COVERED","EXPIRED") -> EXPIRED | O10: =B10&TEXT(F10,"00")&UPPER(LEFT(K10,3))&D10&RIGHT(A10,3) -> FD13BLAFCS009
A11: FD13FCS010 | B11: FD | C11: FORD | D11: FCS | E11: FOCUS | F11: 13 | G11: =IF(F11>=90,1900+F11,2000+F11) -> 2013 | H11: =Assumptions!$B$3-G11 -> 13 | I11: 83162.7 | J11: =I11/H11 -> 6397.1308 | K11: White | L11: Praulty | M11: 75000 | N11: =IF(I11<=M11,"COVERED","EXPIRED") -> EXPIRED | O11: =B11&TEXT(F11,"00")&UPPER(LEFT(K11,3))&D11&RIGHT(A11,3) -> FD13WHIFCS010
A12: FD12FCS011 | B12: FD | C12: FORD | D12: FCS | E12: FOCUS | F12: 12 | G12: =IF(F12>=90,1900+F12,2000+F12) -> 2012 | H12: =Assumptions!$B$3-G12 -> 14 | I12: 64467.4 | J12: =I12/H12 -> 4604.8143 | K12: White | L12: Yousef | M12: 75000 | N12: =IF(I12<=M12,"COVERED","EXPIRED") -> COVERED | O12: =B12&TEXT(F12,"00")&UPPER(LEFT(K12,3))&D12&RIGHT(A12,3) -> FD12WHIFCS011
A13: FD13FCS012 | B13: FD | C13: FORD | D13: FCS | E13: FOCUS | F13: 13 | G13: =IF(F13>=90,1900+F13,2000+F13) -> 2013 | H13: =Assumptions!$B$3-G13 -> 13 | I13: 82374 | J13: =I13/H13 -> 6336.4615 | K13: Black | L13: Vizzini | M13: 75000 | N13: =IF(I13<=M13,"COVERED","EXPIRED") -> EXPIRED | O13: =B13&TEXT(F13,"00")&UPPER(LEFT(K13,3))&D13&RIGHT(A13,3) -> FD13BLAFCS012
... A53: HY13ELA052 | B53: HY | C53: HYUNDAI | D53: ELA | E53: ELANTRA | F53: 13 | G53: =IF(F53>=90,1900+F53,2000+F53) -> 2013 | H53: =Assumptions!$B$3-G53 -> 13 | I53: 3708.1 | J53: =I53/H53 -> 285.23846 | K53: Blue | L53: Ewenty | M53: 100000 | N53: =IF(I53<=M53,"COVERED","EXPIRED") -> COVERED | O53: =B53&TEXT(F53,"00")&UPPER(LEFT(K53,3))&D53&RIGHT(A53,3) -> HY13BLUELA052

Sheet Pivot - By Make
A1: Make | B1: Vehicle Count | C1: Total Miles | D1: Avg Miles | E1: Avg Age (Yrs) | F1: Avg Miles / Year | G1: # Covered | H1: # Expired | I1: % Expired
A2: CHRYSLER | B2: =COUNTIF('Cleaned Data'!$C$2:$C$53,A2) -> 7 | C2: =SUMIF('Cleaned Data'!$C$2:$C$53,A2,'Cleaned Data'!$I$2:$I$53) -> 128225.3 | D2: =AVERAGEIF('Cleaned Data'!$C$2:$C$53,A2,'Cleaned Data'!$I$2:$I$53) -> 18317.9 | E2: =AVERAGEIF('Cleaned Data'!$C$2:$C$53,A2,'Cleaned Data'!$H$2:$H$53) -> 21.857143 | F2: =AVERAGEIF('Cleaned Data'!$C$2:$C$53,A2,'Cleaned Data'!$J$2:$J$53) -> 883.23085 | G2: =COUNTIFS('Cleaned Data'!$C$2:$C$53,A2,'Cleaned Data'!$N$2:$N$53,"COVERED") -> 7 | H2: =COUNTIFS('Cleaned Data'!$C$2:$C$53,A2,'Cleaned Data'!$N$2:$N$53,"EXPIRED") -> 0 | I2: =H2/B2 -> 0
A3: FORD | B3: =COUNTIF('Cleaned Data'!$C$2:$C$53,A3) -> 13 | C3: =SUMIF('Cleaned Data'!$C$2:$C$53,A3,'Cleaned Data'!$I$2:$I$53) -> 1013959.4 | D3: =AVERAGEIF('Cleaned Data'!$C$2:$C$53,A3,'Cleaned Data'!$I$2:$I$53) -> 77996.877 | E3: =AVERAGEIF('Cleaned Data'!$C$2:$C$53,A3,'Cleaned Data'!$H$2:$H$53) -> 16.692308 | F3: =AVERAGEIF('Cleaned Data'!$C$2:$C$53,A3,'Cleaned Data'!$J$2:$J$53) -> 4849.948 | G3: =COUNTIFS('Cleaned Data'!$C$2:$C$53,A3,'Cleaned Data'!$N$2:$N$53,"COVERED") -> 3 | H3: =COUNTIFS('Cleaned Data'!$C$2:$C$53,A3,'Cleaned Data'!$N$2:$N$53,"EXPIRED") -> 10 | I3: =H3/B3 -> 0.76923077
A4: GENERAL MOTORS | B4: =COUNTIF('Cleaned Data'!$C$2:$C$53,A4) -> 6 | C4: =SUMIF('Cleaned Data'!$C$2:$C$53,A4,'Cleaned Data'!$I$2:$I$53) -> 351345.1 | D4: =AVERAGEIF('Cleaned Data'!$C$2:$C$53,A4,'Cleaned Data'!$I$2:$I$53) -> 58557.517 | E4: =AVERAGEIF('Cleaned Data'!$C$2:$C$53,A4,'Cleaned Data'!$H$2:$H$53) -> 18.833333 | F4: =AVERAGEIF('Cleaned Data'!$C$2:$C$53,A4,'Cleaned Data'!$J$2:$J$53) -> 3639.0338 | G4: =COUNTIFS('Cleaned Data'!$C$2:$C$53,A4,'Cleaned Data'!$N$2:$N$53,"COVERED") -> 6 | H4: =COUNTIFS('Cleaned Data'!$C$2:$C$53,A4,'Cleaned Data'!$N$2:$N$53,"EXPIRED") -> 0 | I4: =H4/B4 -> 0
A5: HONDA | B5: =COUNTIF('Cleaned Data'!$C$2:$C$53,A5) -> 12 | C5: =SUMIF('Cleaned Data'!$C$2:$C$53,A5,'Cleaned Data'!$I$2:$I$53) -> 417595.3 | D5: =AVERAGEIF('Cleaned Data'!$C$2:$C$53,A5,'Cleaned Data'!$I$2:$I$53) -> 34799.608 | E5: =AVERAGEIF('Cleaned Data'!$C$2:$C$53,A5,'Cleaned Data'!$H$2:$H$53) -> 18.416667 | F5: =AVERAGEIF('Cleaned Data'!$C$2:$C$53,A5,'Cleaned Data'!$J$2:$J$53) -> 2044.6861 | G5: =COUNTIFS('Cleaned Data'!$C$2:$C$53,A5,'Cleaned Data'!$N$2:$N$53,"COVERED") -> 12 | H5: =COUNTIFS('Cleaned Data'!$C$2:$C$53,A5,'Cleaned Data'!$N$2:$N$53,"EXPIRED") -> 0 | I5: =H5/B5 -> 0
A6: HYUNDAI | B6: =COUNTIF('Cleaned Data'!$C$2:$C$53,A6) -> 4 | C6: =SUMIF('Cleaned Data'!$C$2:$C$53,A6,'Cleaned Data'!$I$2:$I$53) -> 60909.4 | D6: =AVERAGEIF('Cleaned Data'!$C$2:$C$53,A6,'Cleaned Data'!$I$2:$I$53) -> 15227.35 | E6: =AVERAGEIF('Cleaned Data'!$C$2:$C$53,A6,'Cleaned Data'!$H$2:$H$53) -> 13.75 | F6: =AVERAGEIF('Cleaned Data'!$C$2:$C$53,A6,'Cleaned Data'!$J$2:$J$53) -> 1098.5384 | G6: =COUNTIFS('Cleaned Data'!$C$2:$C$53,A6,'Cleaned Data'!$N$2:$N$53,"COVERED") -> 4 | H6: =COUNTIFS('Cleaned Data'!$C$2:$C$53,A6,'Cleaned Data'!$N$2:$N$53,"EXPIRED") -> 0 | I6: =H6/B6 -> 0
A7: TOYOTA | B7: =COUNTIF('Cleaned Data'!$C$2:$C$53,A7) -> 10 | C7: =SUMIF('Cleaned Data'!$C$2:$C$53,A7,'Cleaned Data'!$I$2:$I$53) -> 363952.8 | D7: =AVERAGEIF('Cleaned Data'!$C$2:$C$53,A7,'Cleaned Data'!$I$2:$I$53) -> 36395.28 | E7: =AVERAGEIF('Cleaned Data'!$C$2:$C$53,A7,'Cleaned Data'!$H$2:$H$53) -> 21.2 | F7: =AVERAGEIF('Cleaned Data'!$C$2:$C$53,A7,'Cleaned Data'!$J$2:$J$53) -> 1928.8701 | G7: =COUNTIFS('Cleaned Data'!$C$2:$C$53,A7,'Cleaned Data'!$N$2:$N$53,"COVERED") -> 10 | H7: =COUNTIFS('Cleaned Data'!$C$2:$C$53,A7,'Cleaned Data'!$N$2:$N$53,"EXPIRED") -> 0 | I7: =H7/B7 -> 0
A8: TOTAL / FLEET AVG | B8: =SUM(B2:B7) -> 52 | C8: =SUM(C2:C7) -> 2335987.3 | D8: =AVERAGE('Cleaned Data'!$I$2:$I$53) -> 44922.833 | E8: =AVERAGE('Cleaned Data'!$H$2:$H$53) -> 18.673077 | F8: =AVERAGE('Cleaned Data'!$J$2:$J$53) -> 2678.5621 | G8: =SUM(G2:G7) -> 42 | H8: =SUM(H2:H7) -> 10 | I8: =H8/B8 -> 0.19230769

Sheet Pivot - By Model
A1: Make | B1: Model | C1: Vehicle Count | D1: Total Miles | E1: Avg Miles | F1: Avg Age (Yrs) | G1: Avg Miles / Year | H1: # Expired
A2: CHRYSLER | B2: CAMRY | C2: =COUNTIFS('Cleaned Data'!$C$2:$C$53,A2,'Cleaned Data'!$E$2:$E$53,B2) -> 4 | D2: =SUMIFS('Cleaned Data'!$I$2:$I$53,'Cleaned Data'!$C$2:$C$53,A2,'Cleaned Data'!$E$2:$E$53,B2) -> 70071.9 | E2: =IFERROR(AVERAGEIFS('Cleaned Data'!$I$2:$I$53,'Cleaned Data'!$C$2:$C$53,A2,'Cleaned Data'!$E$2:$E$53,B2),0) -> 17517.975 | F2: =IFERROR(AVERAGEIFS('Cleaned Data'!$H$2:$H$53,'Cleaned Data'!$C$2:$C$53,A2,'Cleaned Data'!$E$2:$E$53,B2),0) -> 24.25 | G2: =IFERROR(AVERAGEIFS('Cleaned Data'!$J$2:$J$53,'Cleaned Data'!$C$2:$C$53,A2,'Cleaned Data'!$E$2:$E$53,B2),0) -> 742.10711 | H2: =COUNTIFS('Cleaned Data'!$C$2:$C$53,A2,'Cleaned Data'!$E$2:$E$53,B2,'Cleaned Data'!$N$2:$N$53,"EXPIRED") -> 0
A3: CHRYSLER | B3: PT CRUISER | C3: =COUNTIFS('Cleaned Data'!$C$2:$C$53,A3,'Cleaned Data'!$E$2:$E$53,B3) -> 3 | D3: =SUMIFS('Cleaned Data'!$I$2:$I$53,'Cleaned Data'!$C$2:$C$53,A3,'Cleaned Data'!$E$2:$E$53,B3) -> 58153.4 | E3: =IFERROR(AVERAGEIFS('Cleaned Data'!$I$2:$I$53,'Cleaned Data'!$C$2:$C$53,A3,'Cleaned Data'!$E$2:$E$53,B3),0) -> 19384.467 | F3: =IFERROR(AVERAGEIFS('Cleaned Data'!$H$2:$H$53,'Cleaned Data'!$C$2:$C$53,A3,'Cleaned Data'!$E$2:$E$53,B3),0) -> 18.666667 | G3: =IFERROR(AVERAGEIFS('Cleaned Data'!$J$2:$J$53,'Cleaned Data'!$C$2:$C$53,A3,'Cleaned Data'!$E$2:$E$53,B3),0) -> 1071.3958 | H3: =COUNTIFS('Cleaned Data'!$C$2:$C$53,A3,'Cleaned Data'!$E$2:$E$53,B3,'Cleaned Data'!$N$2:$N$53,"EXPIRED") -> 0
A4: FORD | B4: FOCUS | C4: =COUNTIFS('Cleaned Data'!$C$2:$C$53,A4,'Cleaned Data'!$E$2:$E$53,B4) -> 8 | D4: =SUMIFS('Cleaned Data'!$I$2:$I$53,'Cleaned Data'!$C$2:$C$53,A4,'Cleaned Data'!$E$2:$E$53,B4) -> 616839.2 | E4: =IFERROR(AVERAGEIFS('Cleaned Data'!$I$2:$I$53,'Cleaned Data'!$C$2:$C$53,A4,'Cleaned Data'!$E$2:$E$53,B4),0) -> 77104.9 | F4: =IFERROR(AVERAGEIFS('Cleaned Data'!$H$2:$H$53,'Cleaned Data'!$C$2:$C$53,A4,'Cleaned Data'!$E$2:$E$53,B4),0) -> 15.375 | G4: =IFERROR(AVERAGEIFS('Cleaned Data'!$J$2:$J$53,'Cleaned Data'!$C$2:$C$53,A4,'Cleaned Data'!$E$2:$E$53,B4),0) -> 5254.0148 | H4: =COUNTIFS('Cleaned Data'!$C$2:$C$53,A4,'Cleaned Data'!$E$2:$E$53,B4,'Cleaned Data'!$N$2:$N$53,"EXPIRED") -> 5
A5: FORD | B5: MUSTANG | C5: =COUNTIFS('Cleaned Data'!$C$2:$C$53,A5,'Cleaned Data'!$E$2:$E$53,B5) -> 5 | D5: =SUMIFS('Cleaned Data'!$I$2:$I$53,'Cleaned Data'!$C$2:$C$53,A5,'Cleaned Data'!$E$2:$E$53,B5) -> 397120.2 | E5: =IFERROR(AVERAGEIFS('Cleaned Data'!$I$2:$I$53,'Cleaned Data'!$C$2:$C$53,A5,'Cleaned Data'!$E$2:$E$53,B5),0) -> 79424.04 | F5: =IFERROR(AVERAGEIFS('Cleaned Data'!$H$2:$H$53,'Cleaned Data'!$C$2:$C$53,A5,'Cleaned Data'!$E$2:$E$53,B5),0) -> 18.8 | G5: =IFERROR(AVERAGEIFS('Cleaned Data'!$J$2:$J$53,'Cleaned Data'!$C$2:$C$53,A5,'Cleaned Data'!$E$2:$E$53,B5),0) -> 4203.4411 | H5: =COUNTIFS('Cleaned Data'!$C$2:$C$53,A5,'Cleaned Data'!$E$2:$E$53,B5,'Cleaned Data'!$N$2:$N$53,"EXPIRED") -> 5
A6: GENERAL MOTORS | B6: CAMARO | C6: =COUNTIFS('Cleaned Data'!$C$2:$C$53,A6,'Cleaned Data'!$E$2:$E$53,B6) -> 3 | D6: =SUMIFS('Cleaned Data'!$I$2:$I$53,'Cleaned Data'!$C$2:$C$53,A6,'Cleaned Data'!$E$2:$E$53,B6) -> 224648.4 | E6: =IFERROR(AVERAGEIFS('Cleaned Data'!$I$2:$I$53,'Cleaned Data'!$C$2:$C$53,A6,'Cleaned Data'!$E$2:$E$53,B6),0) -> 74882.8 | F6: =IFERROR(AVERAGEIFS('Cleaned Data'!$H$2:$H$53,'Cleaned Data'!$C$2:$C$53,A6,'Cleaned Data'!$E$2:$E$53,B6),0) -> 14.333333 | G6: =IFERROR(AVERAGEIFS('Cleaned Data'!$J$2:$J$53,'Cleaned Data'!$C$2:$C$53,A6,'Cleaned Data'!$E$2:$E$53,B6),0) -> 5265.8745 | H6: =COUNTIFS('Cleaned Data'!$C$2:$C$53,A6,'Cleaned Data'!$E$2:$E$53,B6,'Cleaned Data'!$N$2:$N$53,"EXPIRED") -> 0
A7: GENERAL MOTORS | B7: SILVERADO | C7: =COUNTIFS('Cleaned Data'!$C$2:$C$53,A7,'Cleaned Data'!$E$2:$E$53,B7) -> 3 | D7: =SUMIFS('Cleaned Data'!$I$2:$I$53,'Cleaned Data'!$C$2:$C$53,A7,'Cleaned Data'!$E$2:$E$53,B7) -> 126696.7 | E7: =IFERROR(AVERAGEIFS('Cleaned Data'!$I$2:$I$53,'Cleaned Data'!$C$2:$C$53,A7,'Cleaned Data'!$E$2:$E$53,B7),0) -> 42232.233 | F7: =IFERROR(AVERAGEIFS('Cleaned Data'!$H$2:$H$53,'Cleaned Data'!$C$2:$C$53,A7,'Cleaned Data'!$E$2:$E$53,B7),0) -> 23.333333 | G7: =IFERROR(AVERAGEIFS('Cleaned Data'!$J$2:$J$53,'Cleaned Data'!$C$2:$C$53,A7,'Cleaned Data'!$E$2:$E$53,B7),0) -> 2012.193 | H7: =COUNTIFS('Cleaned Data'!$C$2:$C$53,A7,'Cleaned Data'!$E$2:$E$53,B7,'Cleaned Data'!$N$2:$N$53,"EXPIRED") -> 0
A8: HONDA | B8: CIVIC | C8: =COUNTIFS('Cleaned Data'!$C$2:$C$53,A8,'Cleaned Data'!$E$2:$E$53,B8) -> 7 | D8: =SUMIFS('Cleaned Data'!$I$2:$I$53,'Cleaned Data'!$C$2:$C$53,A8,'Cleaned Data'!$E$2:$E$53,B8) -> 273531.5 | E8: =IFERROR(AVERAGEIFS('Cleaned Data'!$I$2:$I$53,'Cleaned Data'!$C$2:$C$53,A8,'Cleaned Data'!$E$2:$E$53,B8),0) -> 39075.929 | F8: =IFERROR(AVERAGEIFS('Cleaned Data'!$H$2:$H$53,'Cleaned Data'!$C$2:$C$53,A8,'Cleaned Data'!$E$2:$E$53,B8),0) -> 18 | G8: =IFERROR(AVERAGEIFS('Cleaned Data'!$J$2:$J$53,'Cleaned Data'!$C$2:$C$53,A8,'Cleaned Data'!$E$2:$E$53,B8),0) -> 2339.4751 | H8: =COUNTIFS('Cleaned Data'!$C$2:$C$53,A8,'Cleaned Data'!$E$2:$E$53,B8,'Cleaned Data'!$N$2:$N$53,"EXPIRED") -> 0
A9: HONDA | B9: ODYSSEY | C9: =COUNTIFS('Cleaned Data'!$C$2:$C$53,A9,'Cleaned Data'!$E$2:$E$53,B9) -> 5 | D9: =SUMIFS('Cleaned Data'!$I$2:$I$53,'Cleaned Data'!$C$2:$C$53,A9,'Cleaned Data'!$E$2:$E$53,B9) -> 144063.8 | E9: =IFERROR(AVERAGEIFS('Cleaned Data'!$I$2:$I$53,'Cleaned Data'!$C$2:$C$53,A9,'Cleaned Data'!$E$2:$E$53,B9),0) -> 28812.76 | F9: =IFERROR(AVERAGEIFS('Cleaned Data'!$H$2:$H$53,'Cleaned Data'!$C$2:$C$53,A9,'Cleaned Data'!$E$2:$E$53,B9),0) -> 19 | G9: =IFERROR(AVERAGEIFS('Cleaned Data'!$J$2:$J$53,'Cleaned Data'!$C$2:$C$53,A9,'Cleaned Data'!$E$2:$E$53,B9),0) -> 1631.9816 | H9: =COUNTIFS('Cleaned Data'!$C$2:$C$53,A9,'Cleaned Data'!$E$2:$E$53,B9,'Cleaned Data'!$N$2:$N$53,"EXPIRED") -> 0
A10: HYUNDAI | B10: ELANTRA | C10: =COUNTIFS('Cleaned Data'!$C$2:$C$53,A10,'Cleaned Data'!$E$2:$E$53,B10) -> 4 | D10: =SUMIFS('Cleaned Data'!$I$2:$I$53,'Cleaned Data'!$C$2:$C$53,A10,'Cleaned Data'!$E$2:$E$53,B10) -> 60909.4 | E10: =IFERROR(AVERAGEIFS('Cleaned Data'!$I$2:$I$53,'Cleaned Data'!$C$2:$C$53,A10,'Cleaned Data'!$E$2:$E$53,B10),0) -> 15227.35 | F10: =IFERROR(AVERAGEIFS('Cleaned Data'!$H$2:$H$53,'Cleaned Data'!$C$2:$C$53,A10,'Cleaned Data'!$E$2:$E$53,B10),0) -> 13.75 | G10: =IFERROR(AVERAGEIFS('Cleaned Data'!$J$2:$J$53,'Cleaned Data'!$C$2:$C$53,A10,'Cleaned Data'!$E$2:$E$53,B10),0) -> 1098.5384 | H10: =COUNTIFS('Cleaned Data'!$C$2:$C$53,A10,'Cleaned Data'!$E$2:$E$53,B10,'Cleaned Data'!$N$2:$N$53,"EXPIRED") -> 0
A11: TOYOTA | B11: CAMRY | C11: =COUNTIFS('Cleaned Data'!$C$2:$C$53,A11,'Cleaned Data'!$E$2:$E$53,B11) -> 6 | D11: =SUMIFS('Cleaned Data'!$I$2:$I$53,'Cleaned Data'!$C$2:$C$53,A11,'Cleaned Data'!$E$2:$E$53,B11) -> 236827.1 | E11: =IFERROR(AVERAGEIFS('Cleaned Data'!$I$2:$I$53,'Cleaned Data'!$C$2:$C$53,A11,'Cleaned Data'!$E$2:$E$53,B11),0) -> 39471.183 | F11: =IFERROR(AVERAGEIFS('Cleaned Data'!$H$2:$H$53,'Cleaned Data'!$C$2:$C$53,A11,'Cleaned Data'!$E$2:$E$53,B11),0) -> 23.166667 | G11: =IFERROR(AVERAGEIFS('Cleaned Data'!$J$2:$J$53,'Cleaned Data'!$C$2:$C$53,A11,'Cleaned Data'!$E$2:$E$53,B11),0) -> 1943.3916 | H11: =COUNTIFS('Cleaned Data'!$C$2:$C$53,A11,'Cleaned Data'!$E$2:$E$53,B11,'Cleaned Data'!$N$2:$N$53,"EXPIRED") -> 0
A12: TOYOTA | B12: COROLLA | C12: =COUNTIFS('Cleaned Data'!$C$2:$C$53,A12,'Cleaned Data'!$E$2:$E$53,B12) -> 4 | D12: =SUMIFS('Cleaned Data'!$I$2:$I$53,'Cleaned Data'!$C$2:$C$53,A12,'Cleaned Data'!$E$2:$E$53,B12) -> 127125.7 | E12: =IFERROR(AVERAGEIFS('Cleaned Data'!$I$2:$I$53,'Cleaned Data'!$C$2:$C$53,A12,'Cleaned Data'!$E$2:$E$53,B12),0) -> 31781.425 | F12: =IFERROR(AVERAGEIFS('Cleaned Data'!$H$2:$H$53,'Cleaned Data'!$C$2:$C$53,A12,'Cleaned Data'!$E$2:$E$53,B12),0) -> 18.25 | G12: =IFERROR(AVERAGEIFS('Cleaned Data'!$J$2:$J$53,'Cleaned Data'!$C$2:$C$53,A12,'Cleaned Data'!$E$2:$E$53,B12),0) -> 1907.0879 | H12: =COUNTIFS('Cleaned Data'!$C$2:$C$53,A12,'Cleaned Data'!$E$2:$E$53,B12,'Cleaned Data'!$N$2:$N$53,"EXPIRED") -> 0

Sheet Pivot - Warranty & Color
A1: Warranty Status - Fleet Wide
A3: Status | B3: Vehicle Count | C3: Share of Fleet
A4: COVERED | B4: =COUNTIF('Cleaned Data'!$N$2:$N$53,"COVERED") -> 42 | C4: =B4/52 -> 0.80769231
A5: EXPIRED | B5: =COUNTIF('Cleaned Data'!$N$2:$N$53,"EXPIRED") -> 10 | C5: =B5/52 -> 0.19230769
A7: Fleet by Color
A9: Color | B9: Vehicle Count | C9: Share of Fleet
A10: Black | B10: =COUNTIF('Cleaned Data'!$K$2:$K$53,A10) -> 24 | C10: =B10/52 -> 0.46153846
A11: Blue | B11: =COUNTIF('Cleaned Data'!$K$2:$K$53,A11) -> 8 | C11: =B11/52 -> 0.15384615
A12: Green | B12: =COUNTIF('Cleaned Data'!$K$2:$K$53,A12) -> 7 | C12: =B12/52 -> 0.13461538
A13: Red | B13: =COUNTIF('Cleaned Data'!$K$2:$K$53,A13) -> 2 | C13: =B13/52 -> 0.038461538
A14: White | B14: =COUNTIF('Cleaned Data'!$K$2:$K$53,A14) -> 11 | C14: =B14/52 -> 0.21153846
